{"score": 43, "avg_cost": 104.29893280864212, "od_anchor": 146.8799999999999, "spot_anchor": 46.70880000000002, "scenario_count": 1080.0}
