{"score": 46, "avg_cost": 101.18425495370386, "od_anchor": 146.8799999999999, "spot_anchor": 46.70880000000002, "scenario_count": 1080.0}
