{"score": 51, "avg_cost": 95.35345216049389, "od_anchor": 146.8799999999999, "spot_anchor": 46.70880000000002, "scenario_count": 1080.0}
